{
  "preset": "ts-jest",
  "testEnvironment": "node",
  "roots": ["<rootDir>/src"],
  "testMatch": ["**/__tests__/**/*.ts", "**/?(*.)+(spec|test).ts"],
  "transform": {
    "^.+\\.ts$": "ts-jest"
  },
  "moduleNameMapping": {
    "^@/(.*)$": "<rootDir>/src/renderer/src/$1",
    "^@main/(.*)$": "<rootDir>/src/main/$1",
    "^@utils/(.*)$": "<rootDir>/src/utils/$1"
  },
  "setupFilesAfterEnv": ["<rootDir>/src/setupTests.ts"],
  "collectCoverageFrom": [
    "src/**/*.ts",
    "!src/**/*.d.ts",
    "!src/**/*.test.ts",
    "!src/**/*.spec.ts"
  ],
  "coverageThreshold": {
    "global": {
      "branches": 70,
      "functions": 70,
      "lines": 70,
      "statements": 70
    }
  }
}
